{
  "mean_reward": -2000815.0724241738,
  "std_reward": 0.0,
  "min_reward": -2000815.0724241738,
  "max_reward": -2000815.0724241738,
  "mean_length": 1000.0,
  "std_length": 0.0,
  "success_rate": 0.0,
  "num_episodes": 1
}